[
  {
    "id": 246,
    "submission_id": 64,
    "posting_user_id": 61,
    "content": null,
    "uploaded_path": "\\uploaded-images\\file-1712513204248.JPEG",
    "created_at": "2024-04-07T18:06:44.354Z",
    "username": "MoreCake",
    "profile_picture": "backend\\imageUploaded\\file-1712156024629.JPEG",
    "type": "media"
  },
  {
    "id": 245,
    "submission_id": 64,
    "posting_user_id": 61,
    "content": "It is with great pleasure that as Head of Staff and hiring that this months star is Abigail S who has met her sales objectives and has come on tremendously since she arrived just 6 months ago. There is a celebration in the canteen later where I believe Abigail has specfied the Cottage Pie with Ice cream and profiteroles for afters. Bon Apetite!",
    "uploaded_path": null,
    "created_at": "2024-04-07T18:04:56.560Z",
    "username": "MoreCake",
    "profile_picture": "backend\\imageUploaded\\file-1712156024629.JPEG",
    "type": "text"
  }
]