[
  {
    "id": 1470,
    "submission_id": 141,
    "posting_user_id": 3,
    "content": null,
    "uploaded_path": "\\uploaded-images\\file-1717362461935.JPEG",
    "created_at": "2024-06-02T21:07:42.090Z",
    "username": "newAdmin",
    "profile_picture": "backend\\imageUploaded\\file-1717200046395.JPEG",
    "type": "media"
  },
  {
    "id": 1469,
    "submission_id": 141,
    "posting_user_id": 3,
    "content": "About the Application?\n\nThe Connected Engaged application allows you to easily stay in contact with your preferred users/engagers, whether for dating, business, or any other reason to connect. Upon logging in or returning from the Feedscreen, you'll see the 'After Login Landing Page' with an animated welcome message that disappears after a few seconds.\n\n",
    "uploaded_path": null,
    "created_at": "2024-06-02T21:03:45.603Z",
    "username": "newAdmin",
    "profile_picture": "backend\\imageUploaded\\file-1717200046395.JPEG",
    "type": "text"
  },
  {
    "id": 1468,
    "submission_id": 141,
    "posting_user_id": 3,
    "content": null,
    "uploaded_path": "\\uploaded-images\\file-1717362170154.JPEG",
    "created_at": "2024-06-02T21:02:50.158Z",
    "username": "newAdmin",
    "profile_picture": "backend\\imageUploaded\\file-1717200046395.JPEG",
    "type": "media"
  },
  {
    "id": 1467,
    "submission_id": 141,
    "posting_user_id": 3,
    "content": "Interactions Button?\n\nThe 'Interactions' button on the 'After Login Landing Page' allows you to access Message/Interaction/Blog. Click on the 'Message/Interaction/Blog title button' within the white rectangles called 'Message/Interaction/Blog information boxes'.",
    "uploaded_path": null,
    "created_at": "2024-06-02T21:02:40.233Z",
    "username": "newAdmin",
    "profile_picture": "backend\\imageUploaded\\file-1717200046395.JPEG",
    "type": "text"
  },
  {
    "id": 1466,
    "submission_id": 141,
    "posting_user_id": 3,
    "content": null,
    "uploaded_path": "\\uploaded-images\\file-1717361524532.JPEG",
    "created_at": "2024-06-02T20:52:04.645Z",
    "username": "newAdmin",
    "profile_picture": "backend\\imageUploaded\\file-1717200046395.JPEG",
    "type": "media"
  },
  {
    "id": 1465,
    "submission_id": 141,
    "posting_user_id": 3,
    "content": "Information Boxes?\n\n'Message/Interaction/Blog information boxes' come in two types: those created by you (Type 1) and those created by your 'Connected users/engagers' who invited you to join (Type 2).\n",
    "uploaded_path": null,
    "created_at": "2024-06-02T20:45:33.964Z",
    "username": "newAdmin",
    "profile_picture": "backend\\imageUploaded\\file-1717200046395.JPEG",
    "type": "text"
  },
  {
    "id": 1464,
    "submission_id": 141,
    "posting_user_id": 3,
    "content": null,
    "uploaded_path": "\\uploaded-images\\file-1717361500026.JPEG",
    "created_at": "2024-06-02T20:37:18.883Z",
    "username": "newAdmin",
    "profile_picture": "backend\\imageUploaded\\file-1717200046395.JPEG",
    "type": "media"
  },
  {
    "id": 1463,
    "submission_id": 141,
    "posting_user_id": 3,
    "content": "Created Message Details\n\nIf you created a 'Message/Interaction/Blog' (type 1), the 'Message/Interaction/Blog information box' includes:\n\nA title button that takes you to the Feedscreen.\nThe creation date.\nThe remaining time before it expires.\nAn 'invited' button to manage access.\nA download button to save the message.\nAn 'End it' button to delete the interaction.",
    "uploaded_path": null,
    "created_at": "2024-06-02T20:34:30.928Z",
    "username": "newAdmin",
    "profile_picture": "backend\\imageUploaded\\file-1717200046395.JPEG",
    "type": "text"
  },
  {
    "id": 1462,
    "submission_id": 141,
    "posting_user_id": 3,
    "content": null,
    "uploaded_path": "\\uploaded-images\\file-1717360364339.JPEG",
    "created_at": "2024-06-02T20:32:44.449Z",
    "username": "newAdmin",
    "profile_picture": "backend\\imageUploaded\\file-1717200046395.JPEG",
    "type": "media"
  },
  {
    "id": 1461,
    "submission_id": 141,
    "posting_user_id": 3,
    "content": "Connected Users Created Interaction/Blog?\n\nIf a 'Connected user/engager' created a Message/Interaction/Blog and included you (Type2), the 'Message/Interaction/Blog information box' only shows:\n\nThe title button.\nThe creation date.\nThe remaining time before it expires.\nThe username of the creator.\nExpiry of Messages",
    "uploaded_path": null,
    "created_at": "2024-06-02T20:28:06.652Z",
    "username": "newAdmin",
    "profile_picture": "backend\\imageUploaded\\file-1717200046395.JPEG",
    "type": "text"
  },
  {
    "id": 1460,
    "submission_id": 141,
    "posting_user_id": 3,
    "content": null,
    "uploaded_path": "\\uploaded-images\\file-1717359835401.JPEG",
    "created_at": "2024-06-02T20:23:55.514Z",
    "username": "newAdmin",
    "profile_picture": "backend\\imageUploaded\\file-1717200046395.JPEG",
    "type": "media"
  },
  {
    "id": 1459,
    "submission_id": 141,
    "posting_user_id": 3,
    "content": "Accessing Feedscreen\n\nAccess existing Messages/Interactions/Blogs on the Feedscreen? by clicking the 'Message/Interaction/Blog title button' highlighted with a blue animated arrow.\n",
    "uploaded_path": null,
    "created_at": "2024-06-02T20:09:58.425Z",
    "username": "newAdmin",
    "profile_picture": "backend\\imageUploaded\\file-1717200046395.JPEG",
    "type": "text"
  },
  {
    "id": 1458,
    "submission_id": 141,
    "posting_user_id": 3,
    "content": null,
    "uploaded_path": "\\uploaded-images\\file-1717358923747.JPEG",
    "created_at": "2024-06-02T20:08:43.853Z",
    "username": "newAdmin",
    "profile_picture": "backend\\imageUploaded\\file-1717200046395.JPEG",
    "type": "media"
  },
  {
    "id": 1457,
    "submission_id": 141,
    "posting_user_id": 3,
    "content": "Loading Previously Saved Interactions?\n\nAbove the 'Message/Interaction/Blog information box' stack, the 'Load Previously Saved Interactions' button allows you to reload a saved Message/Interaction/Blog.\n",
    "uploaded_path": null,
    "created_at": "2024-06-02T20:01:34.191Z",
    "username": "newAdmin",
    "profile_picture": "backend\\imageUploaded\\file-1717200046395.JPEG",
    "type": "text"
  },
  {
    "id": 1456,
    "submission_id": 141,
    "posting_user_id": 3,
    "content": null,
    "uploaded_path": "\\uploaded-images\\file-1717358424635.JPEG",
    "created_at": "2024-06-02T20:00:24.637Z",
    "username": "newAdmin",
    "profile_picture": "backend\\imageUploaded\\file-1717200046395.JPEG",
    "type": "media"
  },
  {
    "id": 1455,
    "submission_id": 141,
    "posting_user_id": 3,
    "content": "Extending Interaction Life?\n\nAll Interactions/Messages/Blogs have a default 2-day lifespan. This extends to 2 days from the last post added.",
    "uploaded_path": null,
    "created_at": "2024-06-02T19:03:24.269Z",
    "username": "newAdmin",
    "profile_picture": "backend\\imageUploaded\\file-1717200046395.JPEG",
    "type": "text"
  },
  {
    "id": 1454,
    "submission_id": 141,
    "posting_user_id": 3,
    "content": null,
    "uploaded_path": "\\uploaded-images\\file-1717354911523.JPEG",
    "created_at": "2024-06-02T19:01:51.624Z",
    "username": "newAdmin",
    "profile_picture": "backend\\imageUploaded\\file-1717200046395.JPEG",
    "type": "media"
  },
  {
    "id": 1453,
    "submission_id": 141,
    "posting_user_id": 3,
    "content": "Switching to Communication Centre? Switch from the Interactions section to the Communication Centre on the 'After Login Landing Page' by clicking the Communication Centre tab/button.",
    "uploaded_path": null,
    "created_at": "2024-06-02T18:58:52.570Z",
    "username": "newAdmin",
    "profile_picture": "backend\\imageUploaded\\file-1717200046395.JPEG",
    "type": "text"
  },
  {
    "id": 1452,
    "submission_id": 141,
    "posting_user_id": 3,
    "content": null,
    "uploaded_path": "\\uploaded-images\\file-1717354646572.JPEG",
    "created_at": "2024-06-02T18:57:26.674Z",
    "username": "newAdmin",
    "profile_picture": "backend\\imageUploaded\\file-1717200046395.JPEG",
    "type": "media"
  },
  {
    "id": 1451,
    "submission_id": 141,
    "posting_user_id": 3,
    "content": "Using the Communication Centre? Allows you to gather 'Connected users/engagers'. Research and seek out like-minded users to expand your network.\n",
    "uploaded_path": null,
    "created_at": "2024-06-02T18:52:16.621Z",
    "username": "newAdmin",
    "profile_picture": "backend\\imageUploaded\\file-1717200046395.JPEG",
    "type": "text"
  },
  {
    "id": 1450,
    "submission_id": 141,
    "posting_user_id": 3,
    "content": null,
    "uploaded_path": "\\uploaded-images\\file-1717354256329.JPEG",
    "created_at": "2024-06-02T18:50:56.430Z",
    "username": "newAdmin",
    "profile_picture": "backend\\imageUploaded\\file-1717200046395.JPEG",
    "type": "media"
  },
  {
    "id": 1449,
    "submission_id": 141,
    "posting_user_id": 3,
    "content": "Admin help Introduction?\n\nAs a new user, you'll have one connected user: the Admin help. Use the Communication Centre options to connect with more users.",
    "uploaded_path": null,
    "created_at": "2024-06-02T18:44:37.147Z",
    "username": "newAdmin",
    "profile_picture": "backend\\imageUploaded\\file-1717200046395.JPEG",
    "type": "text"
  },
  {
    "id": 1448,
    "submission_id": 141,
    "posting_user_id": 3,
    "content": null,
    "uploaded_path": "\\uploaded-images\\file-1717351041409.JPEG",
    "created_at": "2024-06-02T17:57:21.419Z",
    "username": "newAdmin",
    "profile_picture": "backend\\imageUploaded\\file-1717200046395.JPEG",
    "type": "media"
  },
  {
    "id": 1447,
    "submission_id": 141,
    "posting_user_id": 3,
    "content": "Adding Connected Users?\n\nPress the 'Communication Centre' tab/button to become a 'Connected user/engager'. As a new user, you'll see the Admin in a white box. As you gain followers, you'll see more 'Connected users/engagers' boxes but you have to start with the your 'Replace Your Connect Requests' button.",
    "uploaded_path": null,
    "created_at": "2024-06-02T17:53:26.209Z",
    "username": "newAdmin",
    "profile_picture": "backend\\imageUploaded\\file-1717200046395.JPEG",
    "type": "text"
  },
  {
    "id": 1446,
    "submission_id": 141,
    "posting_user_id": 3,
    "content": null,
    "uploaded_path": "\\uploaded-images\\file-1717350506070.JPEG",
    "created_at": "2024-06-02T17:48:26.175Z",
    "username": "newAdmin",
    "profile_picture": "backend\\imageUploaded\\file-1717200046395.JPEG",
    "type": "media"
  },
  {
    "id": 1445,
    "submission_id": 141,
    "posting_user_id": 3,
    "content": "Managing Connected Users?\n\nIn the 'Connected users/engagers' boxes, you'll find the user's name, a trash can icon for deleting/unfollowing, and a checkbox.",
    "uploaded_path": null,
    "created_at": "2024-06-02T17:27:33.000Z",
    "username": "newAdmin",
    "profile_picture": "backend\\imageUploaded\\file-1717200046395.JPEG",
    "type": "text"
  },
  {
    "id": 1444,
    "submission_id": 141,
    "posting_user_id": 3,
    "content": null,
    "uploaded_path": "\\uploaded-images\\file-1717349120690.JPEG",
    "created_at": "2024-06-02T17:25:20.799Z",
    "username": "newAdmin",
    "profile_picture": "backend\\imageUploaded\\file-1717200046395.JPEG",
    "type": "media"
  },
  {
    "id": 1443,
    "submission_id": 141,
    "posting_user_id": 3,
    "content": "Starting New Interactions?\n\nTo create your own Interaction/Messages/Blog, click the checkboxes next to the desired users. A new button will appear to start a new submission with a title.",
    "uploaded_path": null,
    "created_at": "2024-06-02T17:20:53.270Z",
    "username": "newAdmin",
    "profile_picture": "backend\\imageUploaded\\file-1717200046395.JPEG",
    "type": "text"
  },
  {
    "id": 1442,
    "submission_id": 141,
    "posting_user_id": 3,
    "content": null,
    "uploaded_path": "\\uploaded-images\\file-1717348028832.JPEG",
    "created_at": "2024-06-02T17:07:08.835Z",
    "username": "newAdmin",
    "profile_picture": "backend\\imageUploaded\\file-1717200046395.JPEG",
    "type": "media"
  },
  {
    "id": 1440,
    "submission_id": 141,
    "posting_user_id": 3,
    "content": "Creating New Interactions?\n\nSelect the checkboxes next to the desired Connected users/engagers to create a new Interaction/Messages/Blog. Usernames are in alphabetical order, paginated to 5 per page. Filter by typing a username. A floating button shows your selected users.",
    "uploaded_path": null,
    "created_at": "2024-06-02T16:36:28.076Z",
    "username": "newAdmin",
    "profile_picture": "backend\\imageUploaded\\file-1717200046395.JPEG",
    "type": "text"
  },
  {
    "id": 1439,
    "submission_id": 141,
    "posting_user_id": 3,
    "content": null,
    "uploaded_path": "\\uploaded-images\\file-1717346061478.JPEG",
    "created_at": "2024-06-02T16:34:21.597Z",
    "username": "newAdmin",
    "profile_picture": "backend\\imageUploaded\\file-1717200046395.JPEG",
    "type": "media"
  },
  {
    "id": 1438,
    "submission_id": 141,
    "posting_user_id": 3,
    "content": "Viewing 'Replace Your Connection Requests'? Button to replace or create your first connection requests. Add users who interest you.",
    "uploaded_path": null,
    "created_at": "2024-06-02T16:14:15.205Z",
    "username": "newAdmin",
    "profile_picture": "backend\\imageUploaded\\file-1717200046395.JPEG",
    "type": "text"
  },
  {
    "id": 1437,
    "submission_id": 141,
    "posting_user_id": 3,
    "content": null,
    "uploaded_path": "\\uploaded-images\\file-1717344596372.JPEG",
    "created_at": "2024-06-02T16:09:56.486Z",
    "username": "newAdmin",
    "profile_picture": "backend\\imageUploaded\\file-1717200046395.JPEG",
    "type": "media"
  },
  {
    "id": 1436,
    "submission_id": 141,
    "posting_user_id": 3,
    "content": "Viewing 'Show the Connection Requests'? Button to edit your list of connection requests.\n",
    "uploaded_path": null,
    "created_at": "2024-06-02T08:13:35.469Z",
    "username": "newAdmin",
    "profile_picture": "backend\\imageUploaded\\file-1717200046395.JPEG",
    "type": "text"
  },
  {
    "id": 1420,
    "submission_id": 141,
    "posting_user_id": 3,
    "content": null,
    "uploaded_path": "\\uploaded-images\\file-1717279111765.JPEG",
    "created_at": "2024-06-01T21:58:31.898Z",
    "username": "newAdmin",
    "profile_picture": "backend\\imageUploaded\\file-1717200046395.JPEG",
    "type": "media"
  },
  {
    "id": 1419,
    "submission_id": 141,
    "posting_user_id": 3,
    "content": "Viewing 'Connection Requests from Others'? Button\n\nto 'Show Connection Requests from Others' button to see users who want to connect with you.",
    "uploaded_path": null,
    "created_at": "2024-06-01T21:36:30.197Z",
    "username": "newAdmin",
    "profile_picture": "backend\\imageUploaded\\file-1717200046395.JPEG",
    "type": "text"
  },
  {
    "id": 1418,
    "submission_id": 141,
    "posting_user_id": 3,
    "content": null,
    "uploaded_path": "\\uploaded-images\\file-1717277734320.JPEG",
    "created_at": "2024-06-01T21:35:34.443Z",
    "username": "newAdmin",
    "profile_picture": "backend\\imageUploaded\\file-1717200046395.JPEG",
    "type": "media"
  },
  {
    "id": 1417,
    "submission_id": 141,
    "posting_user_id": 3,
    "content": "Updating Profile Information?\n\nThe Profile button displays your registration information, which you can update. You can also add a personal video for your 'Connected users/engagers' to view.\n",
    "uploaded_path": null,
    "created_at": "2024-06-01T21:29:11.411Z",
    "username": "newAdmin",
    "profile_picture": "backend\\imageUploaded\\file-1717200046395.JPEG",
    "type": "text"
  },
  {
    "id": 1416,
    "submission_id": 141,
    "posting_user_id": 3,
    "content": null,
    "uploaded_path": "\\uploaded-images\\file-1717277242214.JPEG",
    "created_at": "2024-06-01T21:27:22.324Z",
    "username": "newAdmin",
    "profile_picture": "backend\\imageUploaded\\file-1717200046395.JPEG",
    "type": "media"
  },
  {
    "id": 1414,
    "submission_id": 141,
    "posting_user_id": 3,
    "content": "Accessing Existing Interactions?\n\nAccess existing Interactions/Messages/Blogs on the Feedscreen by clicking the 'Message/Interaction/Blog title button' in the Interaction section or the Communication Centre.",
    "uploaded_path": null,
    "created_at": "2024-06-01T20:49:08.585Z",
    "username": "newAdmin",
    "profile_picture": "backend\\imageUploaded\\file-1717200046395.JPEG",
    "type": "text"
  },
  {
    "id": 1413,
    "submission_id": 141,
    "posting_user_id": 3,
    "content": null,
    "uploaded_path": "\\uploaded-images\\file-1717274862281.JPEG",
    "created_at": "2024-06-01T20:47:42.386Z",
    "username": "newAdmin",
    "profile_picture": "backend\\imageUploaded\\file-1717200046395.JPEG",
    "type": "media"
  },
  {
    "id": 1412,
    "submission_id": 141,
    "posting_user_id": 3,
    "content": "Feedscreen Header Section?\n\nThe Feedscreen header shows all invited 'Connected users/engagers'. If their profile images bounce, you're in a live interaction. Text, voice, or image inputs are instantly refreshed for all participants.",
    "uploaded_path": null,
    "created_at": "2024-06-01T20:34:40.460Z",
    "username": "newAdmin",
    "profile_picture": "backend\\imageUploaded\\file-1717200046395.JPEG",
    "type": "text"
  },
  {
    "id": 1411,
    "submission_id": 141,
    "posting_user_id": 3,
    "content": null,
    "uploaded_path": "\\uploaded-images\\file-1717273779385.JPEG",
    "created_at": "2024-06-01T20:29:39.498Z",
    "username": "newAdmin",
    "profile_picture": "backend\\imageUploaded\\file-1717200046395.JPEG",
    "type": "media"
  },
  {
    "id": 1410,
    "submission_id": 141,
    "posting_user_id": 3,
    "content": "Email Control?\n\nThe Feedscreen top-right icons include 'Email control' (Envelope button). By default, notifications are sent for all posts. Toggle this off by clicking the Envelope to reduce email notifications.",
    "uploaded_path": null,
    "created_at": "2024-06-01T20:27:19.424Z",
    "username": "newAdmin",
    "profile_picture": "backend\\imageUploaded\\file-1717200046395.JPEG",
    "type": "text"
  },
  {
    "id": 1409,
    "submission_id": 141,
    "posting_user_id": 3,
    "content": null,
    "uploaded_path": "\\uploaded-images\\file-1717273567225.JPEG",
    "created_at": "2024-06-01T20:26:07.353Z",
    "username": "newAdmin",
    "profile_picture": "backend\\imageUploaded\\file-1717200046395.JPEG",
    "type": "media"
  },
  {
    "id": 1408,
    "submission_id": 141,
    "posting_user_id": 3,
    "content": "Search Button?\n\nThe Feedscreen top-right icons? include the Search button (magnifying glass). Use it to filter posts in Interactions/Messages/Blogs by entering text to find specific content.\n",
    "uploaded_path": null,
    "created_at": "2024-06-01T20:22:54.391Z",
    "username": "newAdmin",
    "profile_picture": "backend\\imageUploaded\\file-1717200046395.JPEG",
    "type": "text"
  },
  {
    "id": 1407,
    "submission_id": 141,
    "posting_user_id": 3,
    "content": null,
    "uploaded_path": "\\uploaded-images\\file-1717273249722.JPEG",
    "created_at": "2024-06-01T20:20:49.830Z",
    "username": "newAdmin",
    "profile_picture": "backend\\imageUploaded\\file-1717200046395.JPEG",
    "type": "media"
  },
  {
    "id": 1406,
    "submission_id": 141,
    "posting_user_id": 3,
    "content": "Posting Bar?\n\nThe Feedscreen posting bar shows your profile image and a text area for entering a post.",
    "uploaded_path": null,
    "created_at": "2024-06-01T20:13:16.354Z",
    "username": "newAdmin",
    "profile_picture": "backend\\imageUploaded\\file-1717200046395.JPEG",
    "type": "text"
  },
  {
    "id": 1405,
    "submission_id": 141,
    "posting_user_id": 3,
    "content": null,
    "uploaded_path": "\\uploaded-images\\file-1717272354463.JPEG",
    "created_at": "2024-06-01T20:05:54.575Z",
    "username": "newAdmin",
    "profile_picture": "backend\\imageUploaded\\file-1717200046395.JPEG",
    "type": "media"
  },
  {
    "id": 1404,
    "submission_id": 141,
    "posting_user_id": 3,
    "content": "Posting Options?\nThe Feedscreen posting bar includes:\n\nRocket button for text posts\nAudio button for audio posts\nImage button for pictures/images",
    "uploaded_path": null,
    "created_at": "2024-06-01T19:59:13.559Z",
    "username": "newAdmin",
    "profile_picture": "backend\\imageUploaded\\file-1717200046395.JPEG",
    "type": "text"
  },
  {
    "id": 1403,
    "submission_id": 141,
    "posting_user_id": 3,
    "content": null,
    "uploaded_path": "\\uploaded-images\\file-1717228854072.JPEG",
    "created_at": "2024-06-01T08:00:54.179Z",
    "username": "newAdmin",
    "profile_picture": "backend\\imageUploaded\\file-1717200046395.JPEG",
    "type": "media"
  },
  {
    "id": 1402,
    "submission_id": 141,
    "posting_user_id": 3,
    "content": "Video Call Button?\n\nThe Feedscreen posting bar has a video call button, enabled when you select a checkbox next to a live 'Connected user/engager'. A live user has a bouncing icon; check their thumbnail to call them.",
    "uploaded_path": null,
    "created_at": "2024-06-01T07:48:33.398Z",
    "username": "newAdmin",
    "profile_picture": "backend\\imageUploaded\\file-1717200046395.JPEG",
    "type": "text"
  },
  {
    "id": 1401,
    "submission_id": 141,
    "posting_user_id": 3,
    "content": null,
    "uploaded_path": "\\uploaded-images\\file-1717228033277.JPEG",
    "created_at": "2024-06-01T07:36:42.690Z",
    "username": "newAdmin",
    "profile_picture": "backend\\imageUploaded\\file-1717200046395.JPEG",
    "type": "media"
  },
  {
    "id": 1400,
    "submission_id": 141,
    "posting_user_id": 3,
    "content": "Updating and Deleting Posts?\n\nNext to all posts (text, audio, and images), there are update and delete buttons. These are enabled if the post belongs to you.",
    "uploaded_path": null,
    "created_at": "2024-06-01T00:15:52.478Z",
    "username": "newAdmin",
    "profile_picture": "backend\\imageUploaded\\file-1717200046395.JPEG",
    "type": "text"
  },
  {
    "id": 1399,
    "submission_id": 141,
    "posting_user_id": 3,
    "content": null,
    "uploaded_path": "\\uploaded-images\\file-1717200849400.JPEG",
    "created_at": "2024-06-01T00:14:09.500Z",
    "username": "newAdmin",
    "profile_picture": "backend\\imageUploaded\\file-1717200046395.JPEG",
    "type": "media"
  },
  {
    "id": 1398,
    "submission_id": 141,
    "posting_user_id": 3,
    "content": "Blocking Users?\n\nBlock any 'Connected users/engagers' by deleting them from the 'Connected users/engager' boxes stack in the Communication Centre.",
    "uploaded_path": null,
    "created_at": "2024-06-01T00:03:20.850Z",
    "username": "newAdmin",
    "profile_picture": "backend\\imageUploaded\\file-1717200046395.JPEG",
    "type": "text"
  },
  {
    "id": 1397,
    "submission_id": 141,
    "posting_user_id": 3,
    "content": "I am your digital system welcome! Welcome to the ConnectedEngaged application are you going to become a ConnectedEngager? We would love to hear from you but first and please ask me any questions on this system.",
    "uploaded_path": null,
    "created_at": "2024-06-01T00:00:32.370Z",
    "username": "Admin for newAdmin",
    "profile_picture": "backend\\imageUploaded\\file-MAN.png",
    "type": "text"
  }
]